글번호,등록일자,등록시간,등록자이름,이메일,비밀번호,글내용,,
1,2021-05-24,10:10:12,갈한수,Kor001@naver.com,1234,"국회는 선전포고, 국군의 외국에의 파견 또는 외국군대의 대한민국 영역안에서의 주류에 대한 동의권을 가진다. 모든 국민은 통신의 비밀을 침해받지 아니한다. 환경권의 내용과 행사에 관하여는 법률로 정한다. 공무원은 국민전체에 대한 봉사자이며, 국민에 대하여 책임을 진다. 정당의 설립은 자유이며, 복수정당제는 보장된다. 국회의원의 수는 법률로 정하되, 200인 이상으로 한다. 법원은 최고법원인 대법원과 각급법원으로 조직된다. 대통령은 국가의 안위에 관계되는 중대한 교전상태에 있어서 국가를 보위하기 위하여 긴급한 조치가 필요하고 국회의 집회가 불가능한 때에 한하여 법률의 효력을 가지는 명령을 발할 수 있다.",,
2,2021-05-23,10:10:35,강이찬,Kor002@naver.com,1234,"군인 또는 군무원이 아닌 국민은 대한민국의 영역안에서는 중대한 군사상 기밀·초병·초소·유독음식물공급·포로·군용물에 관한 죄중 법률이 정한 경우와 비상계엄이 선포된 경우를 제외하고는 군사법원의 재판을 받지 아니한다. 선거에 관한 경비는 법률이 정하는 경우를 제외하고는 정당 또는 후보자에게 부담시킬 수 없다. 국가는 청원에 대하여 심사할 의무를 진다. 대법관의 임기는 6년으로 하며, 법률이 정하는 바에 의하여 연임할 수 있다. 국가는 법률이 정하는 바에 의하여 재외국민을 보호할 의무를 진다. 비상계엄이 선포된 때에는 법률이 정하는 바에 의하여 영장제도, 언론·출판·집회·결사의 자유, 정부나 법원의 권한에 관하여 특별한 조치를 할 수 있다.",,
3,2021-05-17,10:10:59,개원훈,Kor003@naver.com,1234,"위원은 정당에 가입하거나 정치에 관여할 수 없다. 행정각부의 설치·조직과 직무범위는 법률로 정한다. 제1항의 해임건의는 국회재적의원 3분의 1 이상의 발의에 의하여 국회재적의원 과반수의 찬성이 있어야 한다. 국민의 자유와 권리는 헌법에 열거되지 아니한 이유로 경시되지 아니한다. 제1항의 탄핵소추는 국회재적의원 3분의 1 이상의 발의가 있어야 하며, 그 의결은 국회재적의원 과반수의 찬성이 있어야 한다. 다만, 대통령에 대한 탄핵소추는 국회재적의원 과반수의 발의와 국회재적의원 3분의 2 이상의 찬성이 있어야 한다. 대통령후보자가 1인일 때에는 그 득표수가 선거권자 총수의 3분의 1 이상이 아니면 대통령으로 당선될 수 없다.",,
4,2021-05-28,10:10:29,경시현,Kor004@naver.com,1234,"지방자치단체는 주민의 복리에 관한 사무를 처리하고 재산을 관리하며, 법령의 범위안에서 자치에 관한 규정을 제정할 수 있다. 국가는 농·어민과 중소기업의 자조조직을 육성하여야 하며, 그 자율적 활동과 발전을 보장한다. 국회가 재적의원 과반수의 찬성으로 계엄의 해제를 요구한 때에는 대통령은 이를 해제하여야 한다. 대통령은 내란 또는 외환의 죄를 범한 경우를 제외하고는 재직중 형사상의 소추를 받지 아니한다. 중앙선거관리위원회는 법령의 범위안에서 선거관리·국민투표관리 또는 정당사무에 관한 규칙을 제정할 수 있으며, 법률에 저촉되지 아니하는 범위안에서 내부규율에 관한 규칙을 제정할 수 있다.",,
5,2021-05-14,10:10:41,공동영,Kor005@naver.com,1234,"모든 국민은 법률이 정하는 바에 의하여 국가기관에 문서로 청원할 권리를 가진다. 외국인은 국제법과 조약이 정하는 바에 의하여 그 지위가 보장된다. 타인의 범죄행위로 인하여 생명·신체에 대한 피해를 받은 국민은 법률이 정하는 바에 의하여 국가로부터 구조를 받을 수 있다. 모든 국민은 주거의 자유를 침해받지 아니한다. 주거에 대한 압수나 수색을 할 때에는 검사의 신청에 의하여 법관이 발부한 영장을 제시하여야 한다. 대법원장의 임기는 6년으로 하며, 중임할 수 없다. 국군은 국가의 안전보장과 국토방위의 신성한 의무를 수행함을 사명으로 하며, 그 정치적 중립성은 준수된다. 언론·출판에 대한 허가나 검열과 집회·결사에 대한 허가는 인정되지 아니한다.",,
6,2021-05-02,10:10:34,기대연,Kor006@naver.com,1234,"국정의 중요한 사항에 관한 대통령의 자문에 응하기 위하여 국가원로로 구성되는 국가원로자문회의를 둘 수 있다. 국가는 지역간의 균형있는 발전을 위하여 지역경제를 육성할 의무를 진다. 국회는 의장 1인과 부의장 2인을 선출한다. 지방의회의 조직·권한·의원선거와 지방자치단체의 장의 선임방법 기타 지방자치단체의 조직과 운영에 관한 사항은 법률로 정한다. 국가는 과학기술의 혁신과 정보 및 인력의 개발을 통하여 국민경제의 발전에 노력하여야 한다. 국교는 인정되지 아니하며, 종교와 정치는 분리된다. 제3항의 승인을 얻지 못한 때에는 그 처분 또는 명령은 그때부터 효력을 상실한다. 이 경우 그 명령에 의하여 개정 또는 폐지되었던 법률은 그 명령이 승인을 얻지 못한 때부터 당연히 효력을 회복한다.",,
7,2021-05-04,10:10:07,기원호,Kor007@naver.com,1234,"국무총리는 국무위원의 해임을 대통령에게 건의할 수 있다. 대통령은 국무총리·국무위원·행정각부의 장 기타 법률이 정하는 공사의 직을 겸할 수 없다. 대통령으로 선거될 수 있는 자는 국회의원의 피선거권이 있고 선거일 현재 40세에 달하여야 한다. 헌법개정안이 제2항의 찬성을 얻은 때에는 헌법개정은 확정되며, 대통령은 즉시 이를 공포하여야 한다. 제안된 헌법개정안은 대통령이 20일 이상의 기간 이를 공고하여야 한다. 재판의 심리와 판결은 공개한다. 다만, 심리는 국가의 안전보장 또는 안녕질서를 방해하거나 선량한 풍속을 해할 염려가 있을 때에는 법원의 결정으로 공개하지 아니할 수 있다.",,
8,2021-05-15,10:10:34,기은성,Kor008@naver.com,1234,"국회의원은 법률이 정하는 직을 겸할 수 없다. 대통령이 궐위되거나 사고로 인하여 직무를 수행할 수 없을 때에는 국무총리, 법률이 정한 국무위원의 순서로 그 권한을 대행한다. 국무총리 또는 행정각부의 장은 소관사무에 관하여 법률이나 대통령령의 위임 또는 직권으로 총리령 또는 부령을 발할 수 있다. 국민경제자문회의의 조직·직무범위 기타 필요한 사항은 법률로 정한다. 대통령은 국가의 원수이며, 외국에 대하여 국가를 대표한다. 법률이 헌법에 위반되는 여부가 재판의 전제가 된 경우에는 법원은 헌법재판소에 제청하여 그 심판에 의하여 재판한다. 대통령은 취임에 즈음하여 다음의 선서를 한다.",,
9,2021-05-21,10:10:16,나한율,Kor009@naver.com,1234,"대한민국은 국제평화의 유지에 노력하고 침략적 전쟁을 부인한다. 헌법에 의하여 체결·공포된 조약과 일반적으로 승인된 국제법규는 국내법과 같은 효력을 가진다. 행정권은 대통령을 수반으로 하는 정부에 속한다. 국가는 주택개발정책등을 통하여 모든 국민이 쾌적한 주거생활을 할 수 있도록 노력하여야 한다. 대법원장과 대법관이 아닌 법관의 임기는 10년으로 하며, 법률이 정하는 바에 의하여 연임할 수 있다. 헌법재판소 재판관은 탄핵 또는 금고 이상의 형의 선고에 의하지 아니하고는 파면되지 아니한다. 헌법재판소에서 법률의 위헌결정, 탄핵의 결정, 정당해산의 결정 또는 헌법소원에 관한 인용결정을 할 때에는 재판관 6인 이상의 찬성이 있어야 한다.",,
10,2021-05-28,10:10:40,남동예,Kor010@naver.com,1234,"탄핵결정은 공직으로부터 파면함에 그친다. 그러나, 이에 의하여 민사상이나 형사상의 책임이 면제되지는 아니한다. 전직대통령의 신분과 예우에 관하여는 법률로 정한다. 위원은 탄핵 또는 금고 이상의 형의 선고에 의하지 아니하고는 파면되지 아니한다. 국무총리·국무위원 또는 정부위원은 국회나 그 위원회에 출석하여 국정처리상황을 보고하거나 의견을 진술하고 질문에 응답할 수 있다. 대한민국의 국민이 되는 요건은 법률로 정한다. 국가는 모성의 보호를 위하여 노력하여야 한다. 광물 기타 중요한 지하자원·수산자원·수력과 경제상 이용할 수 있는 자연력은 법률이 정하는 바에 의하여 일정한 기간 그 채취·개발 또는 이용을 특허할 수 있다.",,
11,2021-05-01,10:10:19,낭시우,Kor011@naver.com,1234,타인의 범죄행위로 인하여 생명·신체에 대한 피해를 받은 국민은 법률이 정하는 바에 의하여 국가로부터 구조를 받을 수 있다. 지방의회의 조직·권한·의원선거와 지방자치단체의 장의 선임방법 기타 지방자치단체의 조직과 운영에 관한 사항은 법률로 정한다. 국회는 법률에 저촉되지 아니하는 범위안에서 의사와 내부규율에 관한 규칙을 제정할 수 있다. 모든 국민은 법률이 정하는 바에 의하여 선거권을 가진다. 법률은 특별한 규정이 없는 한 공포한 날로부터 20일을 경과함으로써 효력을 발생한다. 헌법재판소 재판관은 정당에 가입하거나 정치에 관여할 수 없다. 대통령은 국가의 독립·영토의 보전·국가의 계속성과 헌법을 수호할 책무를 진다.,,
12,2021-05-07,10:10:23,내세원,Kor012@naver.com,1234,"국정의 중요한 사항에 관한 대통령의 자문에 응하기 위하여 국가원로로 구성되는 국가원로자문회의를 둘 수 있다. 국가는 사회보장·사회복지의 증진에 노력할 의무를 진다. 모든 국민은 능력에 따라 균등하게 교육을 받을 권리를 가진다. 국가는 과학기술의 혁신과 정보 및 인력의 개발을 통하여 국민경제의 발전에 노력하여야 한다. 국가는 대외무역을 육성하며, 이를 규제·조정할 수 있다. 한 회계연도를 넘어 계속하여 지출할 필요가 있을 때에는 정부는 연한을 정하여 계속비로서 국회의 의결을 얻어야 한다. 국무회의는 정부의 권한에 속하는 중요한 정책을 심의한다. 행정권은 대통령을 수반으로 하는 정부에 속한다.",,
13,2021-05-03,10:10:42,뇌성수,Kor013@naver.com,1234,"국가는 노인과 청소년의 복지향상을 위한 정책을 실시할 의무를 진다. 대법관은 대법원장의 제청으로 국회의 동의를 얻어 대통령이 임명한다. 법관은 탄핵 또는 금고 이상의 형의 선고에 의하지 아니하고는 파면되지 아니하며, 징계처분에 의하지 아니하고는 정직·감봉 기타 불리한 처분을 받지 아니한다. 국정감사 및 조사에 관한 절차 기타 필요한 사항은 법률로 정한다. 정기회의 회기는 100일을, 임시회의 회기는 30일을 초과할 수 없다. 모든 국민은 그 보호하는 자녀에게 적어도 초등교육과 법률이 정하는 교육을 받게 할 의무를 진다. 의원을 제명하려면 국회재적의원 3분의 2 이상의 찬성이 있어야 한다.",,
14,2021-05-31,10:10:11,단수혁,Kor014@naver.com,1234,대통령은 법률안의 일부에 대하여 또는 법률안을 수정하여 재의를 요구할 수 없다. 헌법개정안은 국회가 의결한 후 30일 이내에 국민투표에 붙여 국회의원선거권자 과반수의 투표와 투표자 과반수의 찬성을 얻어야 한다. 형사피의자 또는 형사피고인으로서 구금되었던 자가 법률이 정하는 불기소처분을 받거나 무죄판결을 받은 때에는 법률이 정하는 바에 의하여 국가에 정당한 보상을 청구할 수 있다. 대한민국의 영토는 한반도와 그 부속도서로 한다. 통신·방송의 시설기준과 신문의 기능을 보장하기 위하여 필요한 사항은 법률로 정한다. 대통령은 제1항과 제2항의 처분 또는 명령을 한 때에는 지체없이 국회에 보고하여 그 승인을 얻어야 한다.,,
15,2021-05-19,10:10:16,담성민,Kor015@naver.com,1234,"연소자의 근로는 특별한 보호를 받는다. 헌법재판소 재판관의 임기는 6년으로 하며, 법률이 정하는 바에 의하여 연임할 수 있다. 모든 국민은 직업선택의 자유를 가진다. 훈장등의 영전은 이를 받은 자에게만 효력이 있고, 어떠한 특권도 이에 따르지 아니한다. 이 헌법중 공무원의 임기 또는 중임제한에 관한 규정은 이 헌법에 의하여 그 공무원이 최초로 선출 또는 임명된 때로부터 적용한다. 모든 국민은 근로의 의무를 진다. 국가는 근로의 의무의 내용과 조건을 민주주의원칙에 따라 법률로 정한다. 국회의원은 현행범인인 경우를 제외하고는 회기중 국회의 동의없이 체포 또는 구금되지 아니한다. 국회는 국무총리 또는 국무위원의 해임을 대통령에게 건의할 수 있다.",,
16,2021-05-14,10:10:38,담원준,Kor016@naver.com,1234,"외국인은 국제법과 조약이 정하는 바에 의하여 그 지위가 보장된다. 헌법재판소는 법관의 자격을 가진 9인의 재판관으로 구성하며, 재판관은 대통령이 임명한다. 대법원과 각급법원의 조직은 법률로 정한다. 의무교육은 무상으로 한다. 국무총리는 대통령을 보좌하며, 행정에 관하여 대통령의 명을 받아 행정각부를 통할한다. 이 헌법시행 당시의 법령과 조약은 이 헌법에 위배되지 아니하는 한 그 효력을 지속한다. 국무위원은 국무총리의 제청으로 대통령이 임명한다. 국회에 제출된 법률안 기타의 의안은 회기중에 의결되지 못한 이유로 폐기되지 아니한다. 다만, 국회의원의 임기가 만료된 때에는 그러하지 아니하다.",,
17,2021-05-26,10:10:19,담장호,Kor017@naver.com,1234,"대통령의 임기는 5년으로 하며, 중임할 수 없다. 국가는 전통문화의 계승·발전과 민족문화의 창달에 노력하여야 한다. 체포·구속·압수 또는 수색을 할 때에는 적법한 절차에 따라 검사의 신청에 의하여 법관이 발부한 영장을 제시하여야 한다. 다만, 현행범인인 경우와 장기 3년 이상의 형에 해당하는 죄를 범하고 도피 또는 증거인멸의 염려가 있을 때에는 사후에 영장을 청구할 수 있다. 대통령이 궐위되거나 사고로 인하여 직무를 수행할 수 없을 때에는 국무총리, 법률이 정한 국무위원의 순서로 그 권한을 대행한다. 국회의원과 정부는 법률안을 제출할 수 있다. 이 헌법시행 당시에 이 헌법에 의하여 새로 설치될 기관의 권한에 속하는 직무를 행하고 있는 기관은 이 헌법에 의하여 새로운 기관이 설치될 때까지 존속하며 그 직무를 행한다.",,
18,2021-05-08,10:10:29,독고예준,Kor018@naver.com,1234,"제1항의 해임건의는 국회재적의원 3분의 1 이상의 발의에 의하여 국회재적의원 과반수의 찬성이 있어야 한다. 모든 국민은 법률이 정하는 바에 의하여 공무담임권을 가진다. 국가는 법률이 정하는 바에 의하여 재외국민을 보호할 의무를 진다. 대통령은 국무총리·국무위원·행정각부의 장 기타 법률이 정하는 공사의 직을 겸할 수 없다. 정당은 그 목적·조직과 활동이 민주적이어야 하며, 국민의 정치적 의사형성에 참여하는데 필요한 조직을 가져야 한다. 대통령은 법률에서 구체적으로 범위를 정하여 위임받은 사항과 법률을 집행하기 위하여 필요한 사항에 관하여 대통령령을 발할 수 있다. 국군은 국가의 안전보장과 국토방위의 신성한 의무를 수행함을 사명으로 하며, 그 정치적 중립성은 준수된다.",,
19,2021-05-12,10:10:23,돈송혁,Kor019@naver.com,1234,"모든 국민은 법률이 정하는 바에 의하여 국가기관에 문서로 청원할 권리를 가진다. 헌법재판소의 조직과 운영 기타 필요한 사항은 법률로 정한다. 사회적 특수계급의 제도는 인정되지 아니하며, 어떠한 형태로도 이를 창설할 수 없다. 국회의 정기회는 법률이 정하는 바에 의하여 매년 1회 집회되며, 국회의 임시회는 대통령 또는 국회재적의원 4분의 1 이상의 요구에 의하여 집회된다. 대통령은 전시·사변 또는 이에 준하는 국가비상사태에 있어서 병력으로써 군사상의 필요에 응하거나 공공의 안녕질서를 유지할 필요가 있을 때에는 법률이 정하는 바에 의하여 계엄을 선포할 수 있다. 누구든지 체포 또는 구속을 당한 때에는 즉시 변호인의 조력을 받을 권리를 가진다. 다만, 형사피고인이 스스로 변호인을 구할 수 없을 때에는 법률이 정하는 바에 의하여 국가가 변호인을 붙인다.",,
20,2021-05-08,10:10:41,돈재현,Kor020@naver.com,1234,"대통령·국무총리·국무위원·행정각부의 장·헌법재판소 재판관·법관·중앙선거관리위원회 위원·감사원장·감사위원 기타 법률이 정한 공무원이 그 직무집행에 있어서 헌법이나 법률을 위배한 때에는 국회는 탄핵의 소추를 의결할 수 있다. 국무총리는 국회의 동의를 얻어 대통령이 임명한다. 지방자치단체는 주민의 복리에 관한 사무를 처리하고 재산을 관리하며, 법령의 범위안에서 자치에 관한 규정을 제정할 수 있다. 비상계엄이 선포된 때에는 법률이 정하는 바에 의하여 영장제도, 언론·출판·집회·결사의 자유, 정부나 법원의 권한에 관하여 특별한 조치를 할 수 있다. 국가는 주택개발정책등을 통하여 모든 국민이 쾌적한 주거생활을 할 수 있도록 노력하여야 한다.",,
21,2021-05-21,10:10:42,두동환,Kor021@naver.com,1234,"정기회의 회기는 100일을, 임시회의 회기는 30일을 초과할 수 없다. 모든 국민은 양심의 자유를 가진다. 대법원장과 대법관이 아닌 법관의 임기는 10년으로 하며, 법률이 정하는 바에 의하여 연임할 수 있다. 형사피의자 또는 형사피고인으로서 구금되었던 자가 법률이 정하는 불기소처분을 받거나 무죄판결을 받은 때에는 법률이 정하는 바에 의하여 국가에 정당한 보상을 청구할 수 있다. 헌법에 의하여 체결·공포된 조약과 일반적으로 승인된 국제법규는 국내법과 같은 효력을 가진다. 대통령은 제4항과 제5항의 규정에 의하여 확정된 법률을 지체없이 공포하여야 한다. 제5항에 의하여 법률이 확정된 후 또는 제4항에 의한 확정법률이 정부에 이송된 후 5일 이내에 대통령이 공포하지 아니할 때에는 국회의장이 이를 공포한다.",,
22,2021-05-12,10:10:25,두채훈,Kor022@naver.com,1234,"대통령은 국회에 출석하여 발언하거나 서한으로 의견을 표시할 수 있다. 대통령의 임기는 5년으로 하며, 중임할 수 없다. 정부는 회계연도마다 예산안을 편성하여 회계연도 개시 90일전까지 국회에 제출하고, 국회는 회계연도 개시 30일전까지 이를 의결하여야 한다. 일반사면을 명하려면 국회의 동의를 얻어야 한다. 재산권의 행사는 공공복리에 적합하도록 하여야 한다. 저작자·발명가·과학기술자와 예술가의 권리는 법률로써 보호한다. 국회의원은 현행범인인 경우를 제외하고는 회기중 국회의 동의없이 체포 또는 구금되지 아니한다. 국무총리는 대통령을 보좌하며, 행정에 관하여 대통령의 명을 받아 행정각부를 통할한다.",,
23,2021-05-22,10:10:37,명윤일,Kor023@naver.com,1234,"정당의 목적이나 활동이 민주적 기본질서에 위배될 때에는 정부는 헌법재판소에 그 해산을 제소할 수 있고, 정당은 헌법재판소의 심판에 의하여 해산된다. 모든 국민은 종교의 자유를 가진다. 법관이 중대한 심신상의 장해로 직무를 수행할 수 없을 때에는 법률이 정하는 바에 의하여 퇴직하게 할 수 있다. 국가는 농·어민과 중소기업의 자조조직을 육성하여야 하며, 그 자율적 활동과 발전을 보장한다. 모든 국민은 거주·이전의 자유를 가진다. 대통령은 국무회의의 의장이 되고, 국무총리는 부의장이 된다. 모든 국민은 소급입법에 의하여 참정권의 제한을 받거나 재산권을 박탈당하지 아니한다. 대한민국은 민주공화국이다.",,
24,2021-05-28,10:10:09,모재원,Kor024@naver.com,1234,"법률안에 이의가 있을 때에는 대통령은 제1항의 기간내에 이의서를 붙여 국회로 환부하고, 그 재의를 요구할 수 있다. 국회의 폐회중에도 또한 같다. 모든 국민은 행위시의 법률에 의하여 범죄를 구성하지 아니하는 행위로 소추되지 아니하며, 동일한 범죄에 대하여 거듭 처벌받지 아니한다. 국회의 회의는 공개한다. 다만, 출석의원 과반수의 찬성이 있거나 의장이 국가의 안전보장을 위하여 필요하다고 인정할 때에는 공개하지 아니할 수 있다. 대통령은 제1항과 제2항의 처분 또는 명령을 한 때에는 지체없이 국회에 보고하여 그 승인을 얻어야 한다. 국가는 모성의 보호를 위하여 노력하여야 한다. 대통령은 법률이 정하는 바에 의하여 사면·감형 또는 복권을 명할 수 있다.",,
25,2021-05-25,10:10:50,문은진,Kor025@naver.com,1234,모든 국민은 법률이 정하는 바에 의하여 공무담임권을 가진다. 국가안전보장회의의 조직·직무범위 기타 필요한 사항은 법률로 정한다. 탄핵소추의 의결을 받은 자는 탄핵심판이 있을 때까지 그 권한행사가 정지된다. 국회의원은 국가이익을 우선하여 양심에 따라 직무를 행한다. 대통령은 조국의 평화적 통일을 위한 성실한 의무를 진다. 모든 국민은 법률이 정하는 바에 의하여 선거권을 가진다. 국회에서 의결된 법률안은 정부에 이송되어 15일 이내에 대통령이 공포한다. 명령·규칙 또는 처분이 헌법이나 법률에 위반되는 여부가 재판의 전제가 된 경우에는 대법원은 이를 최종적으로 심사할 권한을 가진다.,,
26,2021-05-24,10:10:09,박수혁,Kor026@naver.com,1234,"법률은 특별한 규정이 없는 한 공포한 날로부터 20일을 경과함으로써 효력을 발생한다. 재의의 요구가 있을 때에는 국회는 재의에 붙이고, 재적의원과반수의 출석과 출석의원 3분의 2 이상의 찬성으로 전과 같은 의결을 하면 그 법률안은 법률로서 확정된다. 대통령이 임시회의 집회를 요구할 때에는 기간과 집회요구의 이유를 명시하여야 한다. 제1항의 지시를 받은 당해 행정기관은 이에 응하여야 한다. 혼인과 가족생활은 개인의 존엄과 양성의 평등을 기초로 성립되고 유지되어야 하며, 국가는 이를 보장한다. 모든 국민은 언론·출판의 자유와 집회·결사의 자유를 가진다. 국가는 과학기술의 혁신과 정보 및 인력의 개발을 통하여 국민경제의 발전에 노력하여야 한다.",,
27,2021-05-26,10:10:44,방윤후,Kor027@naver.com,1234,"제2항과 제3항의 처분에 대하여는 법원에 제소할 수 없다. 헌법개정은 국회재적의원 과반수 또는 대통령의 발의로 제안된다. 국가는 노인과 청소년의 복지향상을 위한 정책을 실시할 의무를 진다. 대한민국은 국제평화의 유지에 노력하고 침략적 전쟁을 부인한다. 대통령은 법률이 정하는 바에 의하여 훈장 기타의 영전을 수여한다. 국회의원의 선거구와 비례대표제 기타 선거에 관한 사항은 법률로 정한다. 대통령의 선거에 관한 사항은 법률로 정한다. 대통령은 헌법과 법률이 정하는 바에 의하여 공무원을 임면한다. 대통령은 국가의 원수이며, 외국에 대하여 국가를 대표한다. 재판의 심리와 판결은 공개한다. 다만, 심리는 국가의 안전보장 또는 안녕질서를 방해하거나 선량한 풍속을 해할 염려가 있을 때에는 법원의 결정으로 공개하지 아니할 수 있다.",,
28,2021-05-31,10:10:18,방채호,Kor028@naver.com,1234,"사법권은 법관으로 구성된 법원에 속한다. 대통령은 법률에서 구체적으로 범위를 정하여 위임받은 사항과 법률을 집행하기 위하여 필요한 사항에 관하여 대통령령을 발할 수 있다. 누구든지 체포 또는 구속의 이유와 변호인의 조력을 받을 권리가 있음을 고지받지 아니하고는 체포 또는 구속을 당하지 아니한다. 체포 또는 구속을 당한 자의 가족등 법률이 정하는 자에게는 그 이유와 일시·장소가 지체없이 통지되어야 한다. 모든 국민은 주거의 자유를 침해받지 아니한다. 주거에 대한 압수나 수색을 할 때에는 검사의 신청에 의하여 법관이 발부한 영장을 제시하여야 한다. 국회는 선전포고, 국군의 외국에의 파견 또는 외국군대의 대한민국 영역안에서의 주류에 대한 동의권을 가진다.",,
29,2021-05-21,10:10:24,배세준,Kor029@naver.com,1234,"국가는 재해를 예방하고 그 위험으로부터 국민을 보호하기 위하여 노력하여야 한다. 국회에 제출된 법률안 기타의 의안은 회기중에 의결되지 못한 이유로 폐기되지 아니한다. 다만, 국회의원의 임기가 만료된 때에는 그러하지 아니하다. 국군은 국가의 안전보장과 국토방위의 신성한 의무를 수행함을 사명으로 하며, 그 정치적 중립성은 준수된다. 전직대통령의 신분과 예우에 관하여는 법률로 정한다. 누구든지 체포 또는 구속을 당한 때에는 즉시 변호인의 조력을 받을 권리를 가진다. 다만, 형사피고인이 스스로 변호인을 구할 수 없을 때에는 법률이 정하는 바에 의하여 국가가 변호인을 붙인다. 헌법재판소의 장은 국회의 동의를 얻어 재판관중에서 대통령이 임명한다.",,
30,2021-05-17,10:10:46,배채호,Kor030@naver.com,1234,"형사피해자는 법률이 정하는 바에 의하여 당해 사건의 재판절차에서 진술할 수 있다. 각급 선거관리위원회는 선거인명부의 작성등 선거사무와 국민투표사무에 관하여 관계 행정기관에 필요한 지시를 할 수 있다. 국회는 의장 1인과 부의장 2인을 선출한다. 지방자치단체는 주민의 복리에 관한 사무를 처리하고 재산을 관리하며, 법령의 범위안에서 자치에 관한 규정을 제정할 수 있다. 민주평화통일자문회의의 조직·직무범위 기타 필요한 사항은 법률로 정한다. 국정의 중요한 사항에 관한 대통령의 자문에 응하기 위하여 국가원로로 구성되는 국가원로자문회의를 둘 수 있다. 국회는 국가의 예산안을 심의·확정한다.",,
